Name,Section,Title,Day,Start Time,End Time,Location,Instructor
CORE 200,L1,Scientific Methods,M,2:30 PM,3:45 PM,W-234,Aamir Hasan
EE/CE 354/361,L2,Intro to Probability & Stats,MW,11:30 AM,12:45 PM,GF-E121,Aamir Hasan
EE/CE 354/361,R2,Intro to Probability & Stats,F,11:30 AM,12:20 PM,FF-N219,Aamir Hasan
ANT 325,S1,Truth in Anthropology,TTh,8:30 AM,9:45 AM,FF-E220,Aaron Mulvany
CORE 101,S18,Rhetoric & Communication,TTh,10:00 AM,11:15 AM,E-012,Aaron Mulvany
SDP 201,L1,Qualitative Research Methods,W,3:30 PM,5:10 PM,FF-W243,Aaron Mulvany
CORE 101,L1,Rhetoric & Communication,M,4:30 PM,5:20 PM,E-215,"Aaron Mulvany
Arsalan Pareyal
Ayesha Raees
Hamza Bin Sajjad
Javeria Hasnain
Nahrain Al-Mousawi
Saeed ur Rehman
Xiaoxi Zhang
Zuha Asif Siddiqui"
EE/CE 468,L1,Mobile Robotics,MW,11:30 AM,12:45 PM,H-509,Abdul Basit Memon
EE/CE 100,T1,Intro to ECE,W,2:30 PM,5:30 PM,LG-C001,"Abdul Basit Memon
Maham Tabassum
Syed Jahanzeb Ibrar"
COM 202,S1,Communication and Culture,W,12:50 PM,2:30 PM,H-504,Abdul Rafay Mahmood
COM 320,S1,Stardom and Fandom Studies,W,2:30 PM,5:00 PM,FF-W242,Abdul Rafay Mahmood
DH 131,L1,"Bump! Culture, code",TTh,5:15 PM,6:30 PM,H-505,"Abdul Rafay Mahmood
Shah Jamal Alam"
CS 491,C1,Capstone (Kaavish) I,W,10:00 AM,11:15 AM,FF-E220,Abdul Samad
CS/CE 316/365,L1,Introduction to Deep Learning,TTh,2:25 PM,3:40 PM,H-507,Abdul Samad
CS/CE 316L/365L,T1,Intro to Deep Learning Lab,F,3:30 PM,6:30 PM,E-003,Abdul Samad
CS/CE 351/363,L3,Artificial Intelligence,MW,4:00 PM,5:15 PM,H-501,Abdul Samad
CE/CS 321L/330L,T2,Computer Architecture Lab,W,1:40 PM,4:40 PM,W-110,Abeera Farooq Alam
CE/EE 325/378,R1,Digital System Design,W,10:30 AM,11:20 AM,W-321,Abeera Farooq Alam
SDP 101,S3,Development and Social Change,TTh,5:15 PM,6:30 PM,H-509,Abira Ashfaq
SDP 115,S1,Constitutional Law,TTh,11:30 AM,12:45 PM,FF-N220,Abira Ashfaq
SDP 101,L1,Development and Social Change,M,1:30 PM,2:20 PM,FF-E220,"Abira Ashfaq
Farhan Anwar
Tajreen Jafri"
CORE 200,L2,Scientific Methods,TTh,11:30 AM,12:45 PM,H-509,Abu Bakr Mehmood
PHY 101,L1,Mechanics & Thermodynamics,TTh,2:25 PM,3:40 PM,H-503,Abu Bakr Mehmood
PHY 101,L2,Mechanics & Thermodynamics,TTh,3:50 PM,5:05 PM,H-502,Abu Bakr Mehmood
ENER 104,L1,Renewable Energy,TTh,10:00 AM,11:15 AM,W-234,"Abu Bakr Mehmood
Mah Noor Jamil"
ENER 104L,T1,Renewable Energy Lab,F,3:30 PM,6:30 PM,GF-W118,"Abu Bakr Mehmood
Mah Noor Jamil"
PHY 101L,T1,Mechanics & Thermodynamics Lab,W,1:40 PM,4:40 PM,GF-W100,"Abu Bakr Mehmood
Mah Noor Jamil"
MATH/PHL 222,L1,Paradox and Infinity,TTh,8:30 AM,9:45 AM,FF-N220,Aeyaz Jamil Kayani
EE/CE 424/341,L2,Data Comm. and Networking,MW,1:00 PM,2:15 PM,W-321,"Ahmad Bilal
Farhan Khan
Maham Tabassum"
EE/CE 424/341,L1,Data Comm. and Networking,TTh,2:25 PM,3:40 PM,H-502,"Ahmad Bilal
Maham Tabassum
Tariq Mumtaz"
EE/CS 172L/130L,T1,Digital Logic and Design Lab,Th,10:00 AM,1:00 PM,W-111,"Ahmad Bilal
Muhammad Farhan"
EE/CE 424L/341L,T1,Data Commun. & Networking Lab,F,8:40 AM,11:40 AM,E-003,"Ahmad Bilal
Zareen Tabassum"
EE/CE 424L/341L,T2,Data Commun. & Networking Lab,W,2:30 PM,5:30 PM,E-003,"Ahmad Bilal
Zareen Tabassum"
CE/CS 321/330,L2,Computer Architecture,TTh,2:25 PM,3:40 PM,W-321,Ahmad Usman
PHY 304,L1,Physics of Semiconductor Devic,MW,10:00 AM,11:15 AM,E-012,Ahmad Usman
EE 335,L1,"Power Generation, Transmission",MW,2:30 PM,3:45 PM,FF-N219,Ahmed Ali
EE 434,L1,Electric Vehicles,TTh,2:25 PM,3:40 PM,H-506,Ahmed Ali
EE/CS 172L/130L,T2,Digital Logic and Design Lab,F,10:00 AM,1:00 PM,W-111,"Ahmed Ali
Maham Tabassum"
CS 491,C5,Capstone (Kaavish) I,W,10:00 AM,11:15 AM,H-506,Ahsan Jawed
CS/CE 355/373,L6,Database Systems,MW,11:30 AM,12:45 PM,E-012,Ahsan Jawed
CS/CE 355L/373L,T6,Database Systems Lab,Th,10:00 AM,1:00 PM,N-425,Ahsan Jawed
SDP 201,L3,Qualitative Research Methods,WF,11:30 AM,1:10 PM,H-506,Ahsan Mashhood
SDP 314,S1,Unequal Childhoods,TTh,5:15 PM,6:30 PM,H-501,Ahsan Mashhood
MUS 222,S1,Sound and Subjectivity: Listen,MW,3:30 PM,5:10 PM,FF-C200,Alexander Kreger
REL 223,S1,"Approaches, methods and key",TTh,2:25 PM,3:40 PM,W-234,Alexander Kreger
CORE 200,L3,Scientific Methods,MW,2:30 PM,3:45 PM,W-321,Ali Imran
SDP 215,S1,Urban Design and Public Space,F,10:30 AM,1:00 PM,GF-C109,Amar Latif Qazi
SDP 204,L1,Public Policy I,M,8:30 AM,10:10 AM,E-215,"Amar Latif Qazi
Muhammad Aatir Khan
Uswa Ali Memon"
SDP 204,S1,Public Policy I,T,10:30 AM,12:10 PM,H-502,"Amar Latif Qazi
Muhammad Aatir Khan
Uswa Ali Memon"
SDP 204,S2,Public Policy I,W,1:30 PM,3:10 PM,H-501,"Amar Latif Qazi
Muhammad Aatir Khan
Uswa Ali Memon"
SDP 204,S3,Public Policy I,F,3:30 PM,5:10 PM,H-507,"Amar Latif Qazi
Muhammad Aatir Khan
Uswa Ali Memon"
CS 101,L3,Algorithmic Problem Solving,W,2:30 PM,5:00 PM,W-234,Amber Aftab
CS 101,L5,Algorithmic Problem Solving,M,8:30 AM,11:00 AM,FF-N219,Amber Aftab
CS 101L,T3,Algorithmic Problem SolvingLab,Th,10:00 AM,1:00 PM,E-010,Amber Aftab
CS 101L,T5,Algorithmic Problem SolvingLab,W,9:40 AM,12:40 PM,N-426,Amber Aftab
CORE 101,S11,Rhetoric & Communication,WF,11:30 AM,12:45 PM,H-505,Arsalan Pareyal
MUS 102,L1,Foundations of Musicianship,M,10:00 AM,11:15 AM,FF-W242,Arsalan Pareyal
MUS 102,L1,Foundations of Musicianship,W,10:00 AM,11:15 AM,FF-C200,Arsalan Pareyal
POLI 423,S1,Populism in South Asia,TTh,10:00 AM,11:15 AM,FF-W243,Asad Ur Rehman
SDP 206,S1,Social Theory II,WF,10:00 AM,11:15 AM,FF-W243,Asad Ur Rehman
SDP 206,L1,Social Theory II,M,9:30 AM,10:20 AM,FF-E220,"Asad Ur Rehman
Gennaro Errichiello
Noman Baig"
MATH 101,L1,Calculus I,TTh,2:25 PM,3:40 PM,H-505,Asgher Ali
MATH 101,L2,Calculus I,TTh,8:30 AM,9:45 AM,GF-C109,Asgher Ali
MATH 202,L1,Engineering Mathematics,TTh,5:15 PM,6:30 PM,FF-N220,Asgher Ali
MATH 202,L2,Engineering Mathematics,WF,8:30 AM,9:45 AM,FF-C200,Asgher Ali
MATH 101,R1,Calculus I,M,3:30 PM,4:20 PM,FF-E220,"Asgher Ali
Rameez Ragheb
Sajal Rana
Salman Safdar"
MATH 202,R1,Engineering Mathematics,M,8:30 AM,9:20 AM,FF-E220,"Asgher Ali
Rameez Ragheb
Salman Safdar"
CS 212,L4,Nature of Computation,T,2:30 PM,3:45 PM,N-351,Asma Sanam Larik
CS/CE 351/363,L2,Artificial Intelligence,TTh,11:30 AM,12:45 PM,E-012,Ayesha Enayet
CS/CE 458/463,L1,Natural Language Processing,MF,10:00 AM,11:15 AM,FF-C200,Ayesha Enayet
COM 236,D1,The Video Poem,M,8:30 AM,11:50 AM,LG09,Ayesha Raees
CORE 101,S10,Rhetoric & Communication,TTh,5:15 PM,6:30 PM,H-503,Ayesha Raees
CORE 201,S5,Pakistan and Modern South Asia,TTh,3:50 PM,5:05 PM,H-509,Basharat Issa
CORE 201,S6,Pakistan and Modern South Asia,TTh,2:25 PM,3:40 PM,FF-W242,Basharat Issa
CORE 201,L1,Pakistan and Modern South Asia,M,1:30 PM,2:20 PM,E-215,"Basharat Issa
Gabriel Soares
Nauman Naqvi
Noman Baig
Sumbul Usman
Waleed Mir"
CS 212,L3,Nature of Computation,TTh,10:00 AM,11:15 AM,FF-N219,Behroz Mirza
CS 212,L1,Nature of Computation,MW,1:00 PM,2:15 PM,E-011,"Behroz Mirza
Syed Mujtaba Hassan Naqvi"
CS 212,L2,Nature of Computation,WF,8:30 AM,9:45 AM,FF-N219,"Behroz Mirza
Syed Mujtaba Hassan Naqvi"
CS/CE 232/324,L1,Operating Systems,TTh,3:50 PM,5:05 PM,H-506,Bilal Wajid
CS/CE 232/324,L5,Operating Systems,TTh,8:30 AM,9:45 AM,H-504,Bilal Wajid
CS/CE 232L/324L,T1,Operating Systems (Lab),F,10:00 AM,1:00 PM,N-425,"Bilal Wajid
Muhammad Meesum Ali Qazalbash"
CS/CE 232L/324L,T5,Operating Systems (Lab),F,3:30 PM,6:30 PM,GF-E101,"Bilal Wajid
Muhammad Meesum Ali Qazalbash"
CND 107,S1,Creating Culture,F,10:00 AM,1:00 PM,GF-E121,Christie Lauder
COM 214,S1,Reading the Horror Film,TTh,11:30 AM,12:45 PM,FF-E220,Christie Lauder
SOC 214,S1,Social Inequality,TTh,10:00 AM,11:15 AM,FF-E220,Coline Ferrant
SOC 422,S1,SRS: Karachi,WF,8:30 AM,9:45 AM,H-507,Coline Ferrant
COM 201,D1,Production Fundamentals 1,T,9:30 AM,12:50 PM,LG09,Damian Kim Lahey
COM 324,L1,Screenwriting Workshop,M,2:30 PM,5:50 PM,FF-W243,Damian Kim Lahey
COM/DES 225,S1,Super Mario Madness,MW,1:00 PM,2:15 PM,FF-W242,Damian Kim Lahey
CS 491,C3,Capstone (Kaavish) I,W,10:00 AM,11:15 AM,H-502,Faisal Alvi
CS/CE 224/272,L1,OOP & Design Methodologies,TTh,8:30 AM,9:45 AM,E-011,Faisal Alvi
CS/CE 224L/272L,T1,OOP & Design Methodologies Lab,T,10:00 AM,1:00 PM,E-003,Faisal Alvi
CS/PHY 314/300,L1,Quantum Computing,MW,2:30 PM,3:45 PM,FF-N220,Faisal Alvi
CS/PHY 314/300,R1,Quantum Computing,F,4:30 PM,5:20 PM,FF-N220,Faisal Alvi
COM 201L,T1,Production Fundamentals 1(LAB),Th,3:00 PM,6:00 PM,LG09,Faraz Iqbal
COM 201L,T2,Production Fundamentals 1(LAB),F,3:30 PM,6:30 PM,LG09,Faraz Iqbal
DEV 212,S1,Urban Sustainability,TTh,3:50 PM,5:05 PM,GF-C109,Farhan Anwar
SDP 101,S2,Development and Social Change,WF,10:00 AM,11:15 AM,H-507,Farhan Anwar
EE/CE 112,L2,Electric Circuits I,WF,8:30 AM,9:20 AM,E-012,Farhan Khan
EE/CE 423/444,L1,IoT and Cloud Computing,TTh,3:50 PM,5:05 PM,H-501,"Farhan Khan
Tariq Mumtaz"
CORE 201,S9,Pakistan and Modern South Asia,TTh,3:50 PM,5:05 PM,GF-E121,Gabriel Soares
HIST 301,L1,Indian Ocean Connected Pasts,M,8:30 AM,9:20 AM,H-505,Gabriel Soares
HIST 301,S1,Indian Ocean Connected Pasts,F,11:30 AM,1:10 PM,W-321,Gabriel Soares
SDP 206,S3,Social Theory II,TTh,11:30 AM,12:45 PM,FF-W242,Gennaro Errichiello
SOC 323,L1,Global Migration,W,10:30 AM,11:20 AM,H-501,Gennaro Errichiello
SOC 323,S1,Global Migration,M,1:30 PM,3:10 PM,H-503,Gennaro Errichiello
CS 318,L1,Enterprise Software Dev,TTh,11:30 AM,12:45 PM,N-426,Haisum Mussawir
CE/MATH 362/322,L2,Statistics and Inferencing,MW,8:30 AM,9:45 AM,W-321,Hamood ur Rehman Khan
EE 322,L1,Analog & Digital Communication,MW,1:00 PM,2:15 PM,E-012,Hamood ur Rehman Khan
CORE 101,S4,Rhetoric & Communication,W,4:00 PM,5:15 PM,H-503,Hamza Bin Sajjad
REL 122,S1,World Religions,TTh,5:15 PM,6:30 PM,GF-C109,Hamza Bin Sajjad
CND 401,D2,Capstone I,Th,8:30 AM,11:50 AM,H-506,Hasan Habib
COM 422,D1,Kya Yeh Sach Hai?,F,10:00 AM,1:20 PM,H-503,Haya Fatima Iqbal
EE 213L,T1,Electric Circuits II Lab,T,10:00 AM,1:00 PM,W-114,Hira Mustafa
EE/CE 100,T3,Intro to ECE,TTh,2:40 PM,5:40 PM,LG-C001,"Hira Mustafa
Waseem Hassan
Zeeshan Nafees"
BIO 111,L1,Food and Nutrition,WF,10:00 AM,11:15 AM,FF-W242,"Humaira Jamshed
Rabia Anees"
BIO 111L,T1,Food and Nutrition (Lab),F,3:30 PM,6:30 PM,W-121,"Humaira Jamshed
Rabia Anees"
BIO 121,L1,Introduction to Biochemistry,TTh,3:50 PM,5:05 PM,N-351,"Humaira Jamshed
Rabia Anees"
BIO 121L,T1,Biochemistry Lab,Th,10:00 AM,1:00 PM,W-121,"Humaira Jamshed
Rabia Anees"
BIO 112,L1,Genetics,TTh,2:25 PM,3:40 PM,H-501,Humaira Qureshi
BIO 101,L1,Cell Biology and Public Health,MW,11:30 AM,12:45 PM,W-321,"Humaira Qureshi
Sundus Irfan"
BIO 101L,T1,Cell Biology Lab,W,1:40 PM,4:40 PM,W-121,"Humaira Qureshi
Sundus Irfan"
CORE 121,S1,Jehan-e-Urdu,TTh,5:15 PM,6:30 PM,W-234,Inam Ullah
LANG 302,S1,Punjabi Rachna III,MW,3:30 PM,5:10 PM,H-506,Inam Ullah
LIT 301,S1,Partition in Fiction and Film,MW,1:00 PM,2:15 PM,GF-C109,Inam Ullah
CORE 121,L1,Jehan-e-Urdu,M,10:30 AM,11:20 AM,FF-E220,"Inam Ullah
Syed Afzal Ahmed
Zahra Sabri"
CORE 111,L1,Logical Problem Solving,MW,11:30 AM,1:10 PM,FF-C200,Irfan Muhammad
CORE 111,L2,Logical Problem Solving,MW,1:30 PM,3:10 PM,FF-C200,Irfan Muhammad
PHIL 122,S1,Introduction to Western Philos,MW,5:20 PM,6:35 PM,GF-C109,Irfan Muhammad
EE/CE 112,L1,Electric Circuits I,WF,8:30 AM,9:20 AM,FF-N220,Ishtiyaq Makda
CND 101,D2,Materials and Practices,TTh,10:30 AM,1:00 PM,FF-C200,Isma Hasan
DES 216,D1,Illustrating Words,MW,2:30 PM,5:00 PM,H-504,Isma Hasan
COM/LIT 327/320,S1,Abject in Urdu Lit,Th,10:30 AM,1:00 PM,H-505,Javeria Hasnain
CORE 101,S12,Rhetoric & Communication,WF,8:30 AM,9:45 AM,H-504,Javeria Hasnain
CORE 101,S6,Rhetoric & Communication,WF,11:30 AM,12:45 PM,H-502,Javeria Hasnain
COM 121,S1,Learning to Tell Stories,MW,4:20 PM,5:35 PM,H-507,Jawziya Farhat Zaman
CND 101,D1,Materials and Practices,TTh,2:30 PM,5:00 PM,FF-N219,Jovita Alvares
CND 101,D4,Materials and Practices,W,2:30 PM,5:00 PM,H-505,Jovita Alvares
CND 301,D2,"Image, Text, and Movement",TTh,10:30 AM,1:00 PM,H-507,Jovita Alvares
EE 213L,T2,Electric Circuits II Lab,Th,10:00 AM,1:00 PM,W-114,Khuzaima Ali Khan
EE/CE 100,T2,Intro to ECE,WF,9:40 AM,12:40 PM,LG-C001,"Khuzaima Ali Khan
Tariq Mumtaz
Zeeshan Nafees"
EE/CS 172L/130L,T3,Digital Logic and Design Lab,T,10:00 AM,1:00 PM,W-111,"Khuzaima Ali Khan
Tbd"
CS/CE 232L/324L,T4,Operating Systems (Lab),F,3:30 PM,6:30 PM,W-110,"Laiba Jamil
Munzir Zafar"
CS/CE 232L/324L,T2,Operating Systems (Lab),F,10:00 AM,1:00 PM,N-426,"Laiba Jamil
Tbd"
PHY 123,L1,Physics Unboxed,WF,8:30 AM,9:45 AM,GF-W100,"Mah Noor Jamil
Sameena Shahzaman"
HUM 101,L1,Critical Inquiry & Humanities,MW,11:30 AM,1:10 PM,FF-N220,"Marcia Hermansen
Muhammad Haris
Nahrain Al-Mousawi
Zahra Sabri"
CS/CE 355/373,L1,Database Systems,MF,11:30 AM,12:45 PM,FF-W243,Maria Samad
CS/CE 355/373,L2,Database Systems,TTh,10:00 AM,11:15 AM,E-011,Maria Samad
CS/CE 355L/373L,T1,Database Systems Lab,M,2:30 PM,5:30 PM,E-010,Maria Samad
CS/CE 355L/373L,T2,Database Systems Lab,W,2:30 PM,5:30 PM,N-426,Maria Samad
CND 402,D1,Transdisciplinary Practicum,M,9:30 AM,1:15 PM,H-505,Mariya Azher
COM 301,D1,New Media and Journalism,W,2:30 PM,6:15 PM,FF-E220,Mariya Azher
CND 401,D1,Capstone I,F,10:00 AM,1:20 PM,N-351,Mirza Muhammad Amir
DES 203,D2,Designing For & With People,F,3:30 PM,6:50 PM,H-501,Mirza Muhammad Amir
DES 219,D1,Typography,M,8:30 AM,11:50 AM,FF-W244,Mirza Muhammad Amir
DES 314,D1,"Awaam, Design aur Urdu",M,1:30 PM,4:50 PM,FF-W244,Mirza Muhammad Amir
ECON 101,L1,Principles of Microeconomics,WF,10:00 AM,11:15 AM,FF-N220,Mohammad Moeini Feizabadi
ECON 435,S1,Social Capital,TTh,2:25 PM,3:40 PM,GF-C109,Mohammad Moeini Feizabadi
CND 102,D1,Ideation and Processes,TTh,10:30 AM,1:00 PM,N-351,Momin Zafar
CND 102,D2,Ideation and Processes,TTh,2:30 PM,5:00 PM,E-011,Momin Zafar
ECON 313,S1,Political Economy of Dev.,TTh,8:30 AM,9:45 AM,N-426,Muhammad Ashar Khan
SDP/CND 223/255,L1,Intro to QGIS with GIS,F,10:30 AM,1:00 PM,W-234,Muhammad Ashar Khan
EE/CS 172/130,L1,Digital Logic and Design,M,4:00 PM,5:15 PM,W-234,Muhammad Farhan
PHIL 375,L1,Philosophy in the Anthropocene,WF,8:30 AM,10:10 AM,E-011,Muhammad Haris
CS 491,C6,Capstone (Kaavish) I,W,10:00 AM,11:15 AM,H-505,Muhammad Qasim Pasta
CS/CE 355/373,L3,Database Systems,MW,11:30 AM,12:45 PM,W-234,Muhammad Qasim Pasta
CS/CE 355L/373L,T3,Database Systems Lab,W,1:40 PM,4:40 PM,GF-E101,Muhammad Qasim Pasta
CS/SDP 361/352,L1,Social Network Analysis,TTh,3:50 PM,5:05 PM,E-010,Muhammad Qasim Pasta
CS/CE 355/373,L4,Database Systems,MW,11:30 AM,12:45 PM,GF-C109,Muhammad Umer Tariq
CS/CE 355/373,L5,Database Systems,MW,10:00 AM,11:15 AM,W-234,Muhammad Umer Tariq
CS/CE 355L/373L,T4,Database Systems Lab,M,2:30 PM,5:30 PM,N-425,Muhammad Umer Tariq
CS/CE 355L/373L,T5,Database Systems Lab,T,10:00 AM,1:00 PM,W-110,Muhammad Umer Tariq
CS 491,C4,Capstone (Kaavish) I,W,10:00 AM,11:15 AM,H-503,Muhammad Usman Arif
CS/CE 351/363,L4,Artificial Intelligence,MW,4:00 PM,5:15 PM,FF-N220,Muhammad Usman Arif
CS/SDP 312/314,L1,Data Science for Social Good,MW,11:30 AM,12:45 PM,FF-N219,Muhammad Usman Arif
MGMT 320,L1,Principles of Management,MW,4:00 PM,5:15 PM,FF-N219,Muhammad Wamiq
MGMT 323,L1,Supply Chain Management,MW,5:20 PM,6:35 PM,H-504,Muhammad Wamiq
COM/DES 342,D1,Devised Theatre,W,10:30 AM,2:15 PM,E-215,Muneera Batool
CE 491,C1,Capstone Design Project - I,F,11:30 AM,1:10 PM,LG31,Munzir Zafar
CE 491,C1,Capstone Design Project - I,T,10:00 AM,1:00 PM,LG31,Munzir Zafar
CS/CE 232/324,L4,Operating Systems,TTh,8:30 AM,9:45 AM,FF-N219,Munzir Zafar
EE 491,C1,Capstone Design Project I,F,11:30 AM,1:10 PM,LG31,Munzir Zafar
EE 491,C1,Capstone Design Project I,T,10:00 AM,1:00 PM,LG31,Munzir Zafar
CS/CE 224/272,L2,OOP & Design Methodologies,M,2:30 PM,3:45 PM,GF-E121,Nadia Nasir
CS/CE 224/272,L4,OOP & Design Methodologies,MW,10:00 AM,11:15 AM,N-351,Nadia Nasir
CS/CE 224L/272L,T2,OOP & Design Methodologies Lab,T,10:00 AM,1:00 PM,N-425,Nadia Nasir
CS/CE 224L/272L,T4,OOP & Design Methodologies Lab,W,2:30 PM,5:30 PM,N-425,Nadia Nasir
CORE 101,S1,Rhetoric & Communication,TTh,11:30 AM,12:45 PM,FF-N219,Nahrain Al-Mousawi
CORE 101,S14,Rhetoric & Communication,TTh,10:00 AM,11:15 AM,FF-N220,Nahrain Al-Mousawi
HIST/LIT 134,S1,Intro to Punjabi Sufi Lit,F,3:30 PM,6:00 PM,E-012,Naila Pervaiz
LANG 102,S1,Punjabi Rachna I,MW,3:30 PM,5:10 PM,N-351,Naila Pervaiz
LANG 104,S1,Introduction to Pushto,MW,11:30 AM,1:10 PM,N-351,Naimat Zada
LANG 304,L1,Pukhto Pohana III,MW,1:30 PM,3:10 PM,GF-W118,Naimat Zada
CORE 201,S3,Pakistan and Modern South Asia,TTh,10:00 AM,11:15 AM,H-509,Nauman Naqvi
HUM/PHIL 301,S1,Hermeneutics of the Self,MW,2:30 PM,4:10 PM,H-507,Nauman Naqvi
PHIL/REL 328,S1,Gentleness & Grace,WF,8:30 AM,9:45 AM,GF-E121,Nauman Naqvi
CS/DES 333/327,L1,Intro to HCI,TTh,11:30 AM,12:45 PM,H-501,Neelma Bhatti
HIST 230,L1,Global Histories,MF,8:30 AM,9:45 AM,H-509,Newal Osman
HUM/HIST 200A,L1,World Historical Figures,MF,10:30 AM,12:10 PM,E-011,Newal Osman
COM 251,D1,Introduction to Dance,F,3:30 PM,6:50 PM,E-215,Nighat Sultana Chaudhry
MUS/COM 114,D1,Art of Kathak,M,12:30 PM,3:50 PM,LG09,Nighat Sultana Chaudhry
CORE 201,S1,Pakistan and Modern South Asia,TTh,3:50 PM,5:05 PM,FF-N220,Noman Baig
REL/ANT 100,D1,Jamal: Islamic Aesthetic,W,11:30 AM,3:15 PM,FF-W243,Noman Baig
SDP 206,S2,Social Theory II,TTh,10:00 AM,11:15 AM,FF-W242,Noman Baig
CORE 200,L5,Scientific Methods,MW,1:00 PM,2:15 PM,FF-N219,Omar Farooq Anjum
PHY 111,L1,Concepts of Modern Physics,TTh,8:30 AM,9:45 AM,H-505,Omar Farooq Anjum
ANT 101,S1,Intro to Cultural Anthropology,TTh,11:30 AM,12:45 PM,GF-C109,Peter Olof Lagerqvist
SDP 212,L1,"Palestine, Mon Amour",M,10:30 AM,11:20 AM,H-503,Peter Olof Lagerqvist
SDP 212,S1,"Palestine, Mon Amour",W,1:30 PM,3:10 PM,H-502,Peter Olof Lagerqvist
CND 102,D3,Ideation and Processes,TTh,10:30 AM,1:00 PM,W-321,Rajaa Al Fatima Moini
COM 319,S1,Accessing the Liminal,TTh,8:30 AM,9:45 AM,FF-C200,Rajaa Al Fatima Moini
MATH 101,L3,Calculus I,TTh,8:30 AM,9:45 AM,E-012,Rameez Ragheb
MATH 101,L4,Calculus I,TTh,3:50 PM,5:05 PM,E-012,Rameez Ragheb
MATH 202,L3,Engineering Mathematics,TTh,2:25 PM,3:40 PM,FF-E220,Rameez Ragheb
MATH 202,L4,Engineering Mathematics,WF,8:30 AM,9:45 AM,FF-W242,Rameez Ragheb
CND 301,D1,"Image, Text, and Movement",TTh,10:30 AM,1:00 PM,H-504,Rohama Malik
CND 402,D2,Transdisciplinary Practicum,M,9:30 AM,1:15 PM,H-504,Rohama Malik
DES 310,D1,Illustrated Visions,MW,2:30 PM,5:00 PM,GF-C109,Rohama Malik
CS 101,L6,Algorithmic Problem Solving,W,10:30 AM,1:00 PM,E-011,Saba Saeed
CS 101L,T6,Algorithmic Problem SolvingLab,Th,10:00 AM,1:00 PM,E-003,Saba Saeed
CS/CE 224/272,L3,OOP & Design Methodologies,MW,10:00 AM,11:15 AM,GF-C109,Sadaf Alvi
CS/CE 224/272,L5,OOP & Design Methodologies,MW,8:30 AM,9:45 AM,W-234,Sadaf Alvi
CS/CE 224L/272L,T3,OOP & Design Methodologies Lab,Th,8:40 AM,11:40 AM,GF-E101,Sadaf Alvi
CS/CE 224L/272L,T5,OOP & Design Methodologies Lab,F,8:40 AM,11:40 AM,W-110,Sadaf Alvi
CORE 101,S7,Rhetoric & Communication,TTh,5:15 PM,6:30 PM,FF-C200,Saeed ur Rehman
HUM 402,L1,Capstone Research Seminar,TTh,8:30 AM,10:10 AM,W-321,Saeed ur Rehman
LIT/COM 238/239,S1,Intellectual Life Writing,MW,1:00 PM,2:15 PM,GF-E121,Saeed ur Rehman
PLAY 113,D1,Design Your Habib Experience,M,11:30 AM,2:50 PM,H-501,Sahaab Bader Sheikh
CE/CS 321L/330L,T1,Computer Architecture Lab,Th,10:00 AM,1:00 PM,W-110,Saima Shaheen
MATH 101,L6,Calculus I,WF,11:30 AM,12:45 PM,H-504,Sajal Rana
MATH 101,L5,Calculus I,TTh,3:50 PM,5:05 PM,H-505,Salman Safdar
MATH 202,L5,Engineering Mathematics,WF,8:30 AM,9:45 AM,FF-W243,Salman Safdar
MATH 202,L6,Engineering Mathematics,TTh,2:25 PM,3:40 PM,FF-W243,Salman Safdar
PHY 104,L1,Introduction to Nano-Science,TTh,2:25 PM,3:40 PM,GF-E121,Sameena Shahzaman
CE/MATH 362/322,L1,Statistics and Inferencing,TTh,5:15 PM,6:30 PM,H-507,Shafayat Abrar
EE/PHY 241,L1,Electromagnetic Theory,TTh,8:30 AM,9:45 AM,H-509,Shafayat Abrar
CORE 111,L3,Logical Problem Solving,TTh,8:30 AM,10:10 AM,H-502,Shah Jamal Alam
CS 369,L1,Modeling Social Complexity,MW,4:00 PM,5:15 PM,E-012,Shah Jamal Alam
MUS 204,S1,Music of SA: Styles & Struct,TTh,5:15 PM,6:30 PM,FF-W243,Shahid Hamid
MUS 223,D1,Khayal Gayeki,TTh,11:30 AM,12:45 PM,FF-W243,Shahid Hamid
CORE 201,S13,Pakistan and Modern South Asia,TTh,2:25 PM,3:40 PM,E-012,Sumbul Usman
CORE 201,S7,Pakistan and Modern South Asia,TTh,3:50 PM,5:05 PM,W-234,Sumbul Usman
CORE 111,L4,Logical Problem Solving,TTh,8:30 AM,10:10 AM,GF-E121,Susanne Beiweis
CORE 111,L7,Logical Problem Solving,WF,3:30 PM,5:10 PM,H-502,Susanne Beiweis
CORE 121,S3,Jehan-e-Urdu,TTh,11:30 AM,12:45 PM,E-011,Syed Afzal Ahmed
LIT 304,S1,Mir And Classical Urdu Poetry,MW,11:30 AM,12:45 PM,FF-W242,Syed Afzal Ahmed
LIT 326,S1,A journey through Urdu Novella,TTh,3:50 PM,5:05 PM,FF-W242,Syed Afzal Ahmed
DES 220,D1,Unreal Engine Product,Th,2:30 PM,6:15 PM,FF-W244,Syed Ahmed ul Hassan
DES 321,D1,Advanced 3D Blender,F,3:30 PM,6:45 PM,H-504,Syed Ahmed ul Hassan
COM 201,D2,Production Fundamentals 1,Th,9:30 AM,12:50 PM,LG09,Syed Ali
COM 436,D1,Advanced Cinematography,T,2:30 PM,5:50 PM,LG09,Syed Ali
HS/LT/AT 336,S1,Anthropocene: An Introduction,T,10:30 AM,1:00 PM,H-505,Syed Ali Mehdi Zaidi
CE/EE 325/378,L1,Digital System Design,TTh,5:15 PM,6:30 PM,FF-W242,Syed Arsalan Jawed
CS 414,L1,Graph Theory and Algorithms,TTh,5:15 PM,6:30 PM,FF-N219,Syed Hammad Ahmed
CS/CE 232/324,L3,Operating Systems,TTh,3:50 PM,5:05 PM,FF-W243,Syed Hammad Ahmed
CS/CE 232L/324L,T3,Operating Systems (Lab),F,10:00 AM,1:00 PM,GF-E101,Syed Hammad Ahmed
EE 335L,T1,"Power Generation, Trans Lab",Th,10:00 AM,1:00 PM,LG-C001,Syed Jahanzeb Ibrar
DES 203,D1,Designing For & With People,F,3:30 PM,6:50 PM,H-506,Syeda Mehwish Zara Zaidi
DES 302,S1,Design & Social Change,M,3:30 PM,5:10 PM,H-509,Syeda Mehwish Zara Zaidi
DES 302,S2,Design & Social Change,W,11:30 AM,1:10 PM,H-503,Syeda Mehwish Zara Zaidi
CS 491,C2,Capstone (Kaavish) I,W,10:00 AM,11:15 AM,GF-E121,Syeda Saleha Raza
CS/CE 351/363,L1,Artificial Intelligence,TTh,11:30 AM,12:45 PM,W-234,Syeda Saleha Raza
EE/CE 354/361,L1,Intro to Probability & Stats,M,4:00 PM,5:15 PM,GF-E121,Tabsheer Ali Askari
EE/CE 354/361,L3,Intro to Probability & Stats,TTh,5:15 PM,6:30 PM,GF-E121,Tabsheer Ali Askari
EE/CE 354/361,R1,Intro to Probability & Stats,F,12:30 PM,1:20 PM,FF-C200,Tabsheer Ali Askari
EE/CE 354/361,R3,Intro to Probability & Stats,F,12:30 PM,1:20 PM,FF-N219,Tabsheer Ali Askari
POLI 300,S1,Petrocultures,WF,11:30 AM,12:45 PM,H-501,Tajreen Jafri
SDP 101,S1,Development and Social Change,TTh,3:50 PM,5:05 PM,H-504,Tajreen Jafri
SDP 200,S1,Karachi Memoryscapes,M,10:30 AM,1:00 PM,H-506,Tajreen Jafri
CND 402,D3,Transdisciplinary Practicum,M,9:30 AM,1:15 PM,H-507,Tazeen Hussain
DES 204,S1,Research in Design,W,8:30 AM,10:10 AM,H-501,Tazeen Hussain
DES 204,S2,Research in Design,M,3:30 PM,5:10 PM,H-505,Tazeen Hussain
BIO 105,L1,Introduction to Public Health,TTh,2:25 PM,3:40 PM,H-504,Tbd
CND 101,D3,Materials and Practices,TTh,10:30 AM,1:00 PM,GF-E121,Tbd
CND 102,D4,Ideation and Processes,TTh,2:30 PM,5:00 PM,FF-C200,Tbd
CND 107,S2,Creating Culture,W,2:30 PM,5:30 PM,GF-E121,Tbd
CND 301,D3,"Image, Text, and Movement",W,2:30 PM,5:00 PM,FF-W244,Tbd
CND 401,D4,Capstone I,F,3:30 PM,6:50 PM,FF-C200,Tbd
COM 302,S1,Elements of Aesthetics II,F,10:30 AM,1:00 PM,FF-E220,Tbd
CORE 101,S13,Rhetoric & Communication,W,4:00 PM,5:15 PM,W-321,Tbd
CORE 101,S15,Rhetoric & Communication,TTh,5:15 PM,6:30 PM,H-504,Tbd
CORE 101,S17,Rhetoric & Communication,W,4:00 PM,5:15 PM,H-509,Tbd
CORE 101,S19,Rhetoric & Communication,W,4:00 PM,5:15 PM,E-011,Tbd
CORE 101,S2,Rhetoric & Communication,TTh,5:15 PM,6:30 PM,H-506,Tbd
CORE 101,S3,Rhetoric & Communication,TTh,5:15 PM,6:30 PM,FF-E220,Tbd
CORE 101,S8,Rhetoric & Communication,TTh,5:15 PM,6:30 PM,N-351,Tbd
CORE 111,L5,Logical Problem Solving,TTh,8:30 AM,10:10 AM,H-507,Tbd
CORE 111,L6,Logical Problem Solving,MW,11:30 AM,1:10 PM,FF-E220,Tbd
CORE 111,L8,Logical Problem Solving,M,2:30 PM,4:10 PM,FF-W242,Tbd
CORE 121,S2,Jehan-e-Urdu,WF,10:00 AM,11:15 AM,FF-N219,Tbd
CORE 121,S4,Jehan-e-Urdu,TTh,10:00 AM,11:15 AM,H-501,Tbd
CORE 200,L4,Scientific Methods,W,2:30 PM,3:45 PM,H-503,Tbd
CORE 201,S12,Pakistan and Modern South Asia,WF,8:30 AM,9:45 AM,H-506,Tbd
CORE 201,S2,Pakistan and Modern South Asia,TTh,3:50 PM,5:05 PM,FF-E220,Tbd
CORE 201,S4,Pakistan and Modern South Asia,TTh,3:50 PM,5:05 PM,H-507,Tbd
CORE 201,S8,Pakistan and Modern South Asia,TTh,8:30 AM,9:45 AM,H-501,Tbd
CS 101,L4,Algorithmic Problem Solving,T,10:30 AM,1:00 PM,H-503,Tbd
CS 101,L7,Algorithmic Problem Solving,F,10:30 AM,1:00 PM,E-012,Tbd
CS 101L,T4,Algorithmic Problem SolvingLab,F,3:30 PM,6:30 PM,E-010,Tbd
CS 101L,T7,Algorithmic Problem SolvingLab,F,3:30 PM,6:30 PM,N-425,Tbd
CS 319,L1,Software Quality Assurance,TTh,10:00 AM,11:15 AM,N-426,Tbd
CS 370,L1,Web and Mobile Development,MW,1:00 PM,2:15 PM,W-234,Tbd
CS 381,L1,Requirement Engineering,TTh,8:30 AM,9:45 AM,FF-W242,Tbd
CS/CE 224/272,L6,OOP & Design Methodologies,MW,10:00 AM,11:15 AM,H-509,Tbd
CS/CE 224/272,L7,OOP & Design Methodologies,MF,10:00 AM,11:15 AM,W-321,Tbd
CS/CE 224L/272L,T6,OOP & Design Methodologies Lab,T,10:00 AM,1:00 PM,GF-E101,Tbd
CS/CE 224L/272L,T7,OOP & Design Methodologies Lab,T,10:00 AM,1:00 PM,E-010,Tbd
CS/CE 232/324,L2,Operating Systems,TTh,3:50 PM,5:05 PM,H-503,Tbd
CS/CE 232/324,L6,Operating Systems,TTh,8:30 AM,9:45 AM,H-503,Tbd
CS/CE 232L/324L,T6,Operating Systems (Lab),F,3:30 PM,6:30 PM,N-426,Tbd
EE/CE 112,L3,Electric Circuits I,MW,8:30 AM,9:20 AM,GF-C109,Tbd
EE/CS 172/130,L2,Digital Logic and Design,TTh,5:15 PM,6:30 PM,E-011,Tbd
EE/CS 172/130,L3,Digital Logic and Design,TTh,8:30 AM,9:45 AM,FF-W243,Tbd
FYE 101,L1,First Year Fundamentals,W,2:30 PM,3:20 PM,H-506,Tbd
FYE 101,L10,First Year Fundamentals,M,1:30 PM,2:20 PM,FF-N220,Tbd
FYE 101,L2,First Year Fundamentals,F,12:30 PM,1:20 PM,FF-N220,Tbd
FYE 101,L3,First Year Fundamentals,M,2:30 PM,3:20 PM,FF-E220,Tbd
FYE 101,L4,First Year Fundamentals,F,10:30 AM,11:20 AM,H-509,Tbd
FYE 101,L5,First Year Fundamentals,M,9:30 AM,10:20 AM,FF-W243,Tbd
FYE 101,L6,First Year Fundamentals,F,3:30 PM,4:20 PM,FF-N220,Tbd
FYE 101,L7,First Year Fundamentals,F,11:30 AM,12:20 PM,H-509,Tbd
FYE 101,L8,First Year Fundamentals,M,10:30 AM,11:20 AM,FF-N220,Tbd
FYE 101,L9,First Year Fundamentals,W,1:30 PM,2:20 PM,H-507,Tbd
GSCP 401,L1,GSCP Prep School II (AHSS),M,5:30 PM,6:30 PM,FF-E220,Tbd
GSCP 401,C1,GSCP Prep School II (AHSS),F,8:30 AM,9:45 AM,FF-E220,Tbd
GSCP 402,L1,GSCP Prep School II (DSSE),M,5:30 PM,6:30 PM,FF-E220,Tbd
GSCP 402,C1,GSCP Prep School II (DSSE),M,8:30 AM,9:45 AM,GF-E121,Tbd
LANG 101,L1,Sindhi Sikhiya I,WF,8:30 AM,10:10 AM,FF-W244,Tbd
LANG 301,L1,Sindhi Sikhiya III,MW,1:30 PM,3:10 PM,N-351,Tbd
MATH 101,L7,Calculus I,W,2:30 PM,3:45 PM,H-509,Tbd
MATH 101,L8,Calculus I,TTh,8:30 AM,9:45 AM,W-234,Tbd
PLAY 113,D2,Design Your Habib Experience,M,11:30 AM,2:50 PM,H-502,Tbd
PLAY 113,D3,Design Your Habib Experience,M,11:30 AM,2:50 PM,N-347,Tbd
PLAY 113,D4,Design Your Habib Experience,M,11:30 AM,2:50 PM,N-347,Tbd
POLI 102,S1,Introduction to Political Sci,TTh,10:00 AM,11:15 AM,GF-C109,Tbd
CS 101,L1,Algorithmic Problem Solving,T,10:30 AM,1:00 PM,H-506,Unaiza Ahsan
CS 101,L2,Algorithmic Problem Solving,Th,10:30 AM,1:00 PM,H-502,Unaiza Ahsan
CS 101L,T1,Algorithmic Problem SolvingLab,W,2:30 PM,5:30 PM,E-010,Unaiza Ahsan
CS 101L,T2,Algorithmic Problem SolvingLab,F,10:00 AM,1:00 PM,E-010,Unaiza Ahsan
DATA/SDP 101/122,L1,Introduction to Data Analytics,TTh,8:30 AM,9:45 AM,W-110,Usman Salahuddin
DATA/SDP 101/122,L2,Introduction to Data Analytics,WF,8:30 AM,9:45 AM,GF-E101,Usman Salahuddin
SDP 213,S1,Food & Sustainability: MAXQDA,Th,10:30 AM,1:00 PM,H-503,Uswa Ali Memon
CORE 201,S10,Pakistan and Modern South Asia,TTh,5:15 PM,6:30 PM,E-012,Waleed Mir
CORE 201,S11,Pakistan and Modern South Asia,TTh,3:50 PM,5:05 PM,W-321,Waleed Mir
CE/CS 321/330,L1,Computer Architecture,M,2:30 PM,3:45 PM,N-426,Waseem Hassan
EE/CE 376L/332L,T1,Microcont & Interfacing (Lab),T,10:00 AM,1:00 PM,LG-C001,Waseem Hassan
CORE 101,S16,Rhetoric & Communication,WF,8:30 AM,9:45 AM,N-351,Xiaoxi Zhang
CORE 101,S5,Rhetoric & Communication,TTh,5:15 PM,6:30 PM,H-502,Xiaoxi Zhang
LIT 104,S1,What is World Literature,TTh,2:15 PM,3:40 PM,H-509,Xiaoxi Zhang
SDP 201,L2,Qualitative Research Methods,WF,11:30 AM,1:10 PM,H-507,Yasmeen Jamali
SOC 101,S1,Population and Society,MW,2:30 PM,3:45 PM,E-012,Yasmeen Jamali
CORE 121,S5,Jehan-e-Urdu,WF,10:00 AM,11:15 AM,H-504,Zahra Sabri
HS/LT/CM 255,L1,Language in South Asia,TTh,2:25 PM,3:40 PM,FF-N220,Zahra Sabri
HS/LT/MS 100,L1,Rumi: Text and Context,TTh,8:30 AM,9:45 AM,N-351,Zahra Sabri
EE 322L,T1,Analog and Digital Comm (Lab),F,3:30 PM,6:30 PM,W-111,Zareen Tabassum
CND 401,D3,Capstone I,F,3:30 PM,6:50 PM,FF-N219,Zuha Asif Siddiqui
CORE 101,S9,Rhetoric & Communication,TTh,5:15 PM,6:30 PM,W-321,Zuha Asif Siddiqui
